Seq1Count	Seq1Frequency	Seq2Count	Seq2Frequency	FrequencyDifference	FrequencyRatio	SignificantChange
123	0.006423982869379015	171	0.0017464127048971046	0.0046775701644819105	3.678387617866937	True
139	0.007259622917428318	214	0.0021855691160700607	0.005074053801358257	3.321616719439223	True
140	0.007311850420431399	218	0.0022264208752489404	0.005085429545182459	3.2841276785162403	True
