GeneID	Sequence_Partition	Start	End	Score
b3171	tcactgaatttttatgca	-298	-281	14.543282837044382
16128258	aaagtgaattttaattca	-47	-30	14.391985226199532
16132076	aaattgaattttaattca	-45	-28	13.804198561297413
16131126	cagatgaatttttatgca	-392	-375	13.234430401897972
16131238	ttagtgattttttatgca	-71	-54	13.089849173086863
16129301	tgaatgaataatcatgca	-140	-123	12.70105111746391
16128684	ctaatgtatatttatgca	-131	-114	12.536748066172635
16130583	atattgcatttttattca	-268	-251	12.39670199252692
16131795	ttagtgtatttttattca	-67	-50	12.39670199252692
16128026	attgtgaattaatatgca	-51	-34	11.908349224612987
16129126	tcactgaattttgatgca	-332	-315	11.904225507429125
49176132	ttagagaatatacatgca	-13	4	11.807233241441814
16132077	tcaatgaattaaaattca	-138	-121	11.65476464779754
16128462	aaattcaataattattca	-112	-95	11.530601005176619
b4451	caaatgcatttttttgca	-62	-45	11.36262822499638
16131312	caaatgcatttttttgca	-273	-256	11.36262822499638
16128105	aaaacgaatttaaattca	-261	-244	11.300942772841216
16131247	tcaatgaatattaattaa	-41	-24	11.091613205029812
16131884	atactgtatattcattca	-104	-87	11.045093189394917
16131392	gcagtcaatatttattca	23	40	11.045093189394917
16128650	atattgaattttcatgct	-302	-285	10.976884939368386
16129601	ttaaagaatatttattaa	-56	-39	10.95808181240529
90111311	ttaaagaatatttattaa	-295	-278	10.95808181240529
90111175	aaaaggaataaaaatgca	-308	-291	10.86562470158337
16132166	ttactgaataaaaaagca	-278	-261	10.813981468431532
90111703	taaatgaatttaaatgga	-185	-168	10.777694629076668
16128795	tatcagaatttttatgaa	-161	-144	10.510631843827623
16128628	ttaatgaatatttaagga	-26	-9	10.503826540127692
16128106	taattgaattaaaaatca	-280	-263	10.48204438697571
90111372	tctgtgaatgtttattca	-275	-258	10.479779380344857
